notificationId;conducteurId;passagerId;trajetId;type;message;dateCreation;estLue
NOTIF_1775431482789_47586912;47586912;41233051;;MESSAGE;📨 Message de jaleli meriem: bonjour;2026-04-06 00:24:42;true
NOTIF_1775431490068_47586912;47586912;41233051;;MESSAGE;📨 Message de jaleli meriem: je suis prés;2026-04-06 00:24:50;true
NOTIF_1774971624939_41233051;41233051;47586912;41233051_kram_IHEC;ACCEPTATION;Accepté par tlili mokhtar pour le trajet kram → IHEC;2026-03-31 16:40:24;true
NOTIF_1774971237336_41233051;41233051;47586912;41233051_kram_IHEC;REFUS;Refusé par tlili mokhtar pour le trajet kram → IHEC;2026-03-31 16:33:57;true
NOTIF_1774970672241_41233051;41233051;47586912;41233051_kram_IHEC;REFUS;Refusé pour le trajet kram → IHEC;2026-03-31 16:24:32;true
NOTIF_1775147594702_41233051;41233051;47586912;41233051_kram_IHEC;SUPPRESSION;Supprimé du trajet par tlili mokhtar (kram → IHEC);2026-04-02 17:33:14;true
NOTIF_1775150246954_41233051;41233051;47586912;41233051_kram_IHEC;ACCEPTATION;Accepté par tlili mokhtar pour le trajet kram → IHEC;2026-04-02 18:17:26;true
NOTIF_1775151302204_41233051;41233051;47586912;41233051_kram_IHEC;ACCEPTATION;Accepté par tlili mokhtar pour le trajet kram → IHEC;2026-04-02 18:35:02;true
NOTIF_1775430701937_41233051;41233051;47586912;41233051_kram_IHEC;ACCEPTATION;Accepté par tlili mokhtar pour le trajet kram → IHEC;2026-04-06 00:11:41;true
